Unique ID,Campaign type,Season,LTP,Date,Planned window (UT),Triggered by,EUI observed (UT),EUI files,EUI cadence,EUI status,EUI SOOP in SOAR,SPICE observed (UT),SPICE files,SPICE cadence,SPICE status,SPICE SOOP in SOAR,PHI observed (UT),PHI files,PHI cadence,PHI status,PHI SOOP in SOAR,Instruments in SOAR,Source,Notes,EUI start (UTC),EUI end (UTC),SPICE start (UTC),SPICE end (UTC),PHI start (UTC),PHI end (UTC)
MFW20240319A,Major Flare,Spring 2024,LTP15,2024-03-19,20:00 - 00:00 (+1d),,20:00 - 23:59,5395,2 s,as planned,L_BOTH_HRES_HCAD_Major-Flare,20:00 - 23:57,37,327 s,as planned,L_BOTH_HRES_HCAD_Major-Flare,20:02 - 23:33,8,30 min,as planned,L_BOTH_HRES_HCAD_Major-Flare,"EUI, SPICE, PHI",Catalogue,,2024-03-19 20:00,2024-03-19 23:59,2024-03-19 20:00,2024-03-19 23:57,2024-03-19 20:02,2024-03-19 23:33
MFW20240323A,Major Flare,Spring 2024,LTP15,2024-03-23,22:30 - 02:30 (+1d),,22:30 - 02:29 (+1d),5395,2 s,as planned,L_BOTH_HRES_HCAD_Major-Flare,22:30 - 02:27 (+1d),37,327 s,as planned,L_BOTH_HRES_HCAD_Major-Flare,22:30 - 02:01 (+1d),8,30 min,as planned,L_BOTH_HRES_HCAD_Major-Flare,"EUI, SPICE, PHI",Catalogue,,2024-03-23 22:30,2024-03-24 02:29,2024-03-23 22:30,2024-03-24 02:27,2024-03-23 22:30,2024-03-24 02:01
MFW20240402A,Major Flare,Spring 2024,LTP15,2024-04-02,20:00 - 00:00 (+1d),,20:00 - 23:23,4590,2 s,ended 36 min early,L_BOTH_HRES_HCAD_Major-Flare,20:00 - 23:21,31,327 s,as planned,L_BOTH_HRES_HCAD_Major-Flare,20:00 - 23:31,8,30 min,as planned,L_BOTH_HRES_HCAD_Major-Flare,"EUI, SPICE, PHI",Catalogue,,2024-04-02 20:00,2024-04-02 23:23,2024-04-02 20:00,2024-04-02 23:21,2024-04-02 20:00,2024-04-02 23:31
MFW20240403A,Major Flare,Spring 2024,LTP15,2024-04-03,20:00 - 02:00 (+1d),,20:30 - 23:29,900,8 s,as planned,L_BOTH_HRES_HCAD_Major-Flare;R_SMALL_HRES_HCAD_RS-burst,20:00 - 01:57 (+1d),257,52 s,ended 58 min late,R_SMALL_HRES_HCAD_RS-burst,,,,not yet in SOAR,,"EUI, SPICE",Catalogue,Joint SOOP with RS BURST,2024-04-03 20:30,2024-04-03 23:29,2024-04-03 20:00,2024-04-04 01:57,,
MFW20240404A,Major Flare,Spring 2024,LTP15,2024-04-04,20:00 - 00:00 (+1d),,20:00 - 23:58,5376,2 s,as planned,L_BOTH_HRES_HCAD_Major-Flare,20:00 - 23:57,37,327 s,as planned,L_BOTH_HRES_HCAD_Major-Flare,20:00 - 23:31,7,30 min,as planned,L_BOTH_HRES_HCAD_Major-Flare,"EUI, SPICE, PHI",Catalogue,,2024-04-04 20:00,2024-04-04 23:58,2024-04-04 20:00,2024-04-04 23:57,2024-04-04 20:00,2024-04-04 23:31
MFW20240405A,Major Flare,Spring 2024,LTP15,2024-04-05,20:00 - 00:00 (+1d),,20:00 - 23:58,5378,2 s,as planned,L_BOTH_HRES_HCAD_Major-Flare,20:00 - 23:57,37,327 s,as planned,L_BOTH_HRES_HCAD_Major-Flare,20:00 - 23:31,8,30 min,as planned,L_BOTH_HRES_HCAD_Major-Flare,"EUI, SPICE, PHI",Catalogue,,2024-04-05 20:00,2024-04-05 23:58,2024-04-05 20:00,2024-04-05 23:57,2024-04-05 20:00,2024-04-05 23:31
MFW20240406A,Major Flare,Spring 2024,LTP15,2024-04-06,20:00 - 00:00 (+1d),,19:59 - 23:57,4316,2 s,as planned; ran past planned window,L_BOTH_HRES_HCAD_Major-Flare,19:55 - 23:52,37,327 s,as planned,L_BOTH_HRES_HCAD_Major-Flare,20:00 - 23:31,8,30 min,as planned,L_BOTH_HRES_HCAD_Major-Flare,"EUI, SPICE, PHI",Catalogue,,2024-04-06 19:59,2024-04-06 23:57,2024-04-06 19:55,2024-04-06 23:52,2024-04-06 20:00,2024-04-06 23:31
MFW20241015A,Major Flare,Autumn 2024,LTP17,2024-10-15,15:00 - 00:00 (+1d),,18:00 - 22:29,6071,2 s,ended 30 min late; ran past planned window,L_BOTH_HRES_HCAD_Major-Flare,14:05 - 23:58,97,327 s,started 54 min early; ran past planned window,L_BOTH_HRES_HCAD_Major-Flare,18:00 - 22:01,9,30 min,started 180 min late; ended 119 min early,L_BOTH_HRES_HCAD_Major-Flare,"EUI, SPICE, PHI",Catalogue,,2024-10-15 18:00,2024-10-15 22:29,2024-10-15 14:05,2024-10-15 23:58,2024-10-15 18:00,2024-10-15 22:01
MFT20241204a,Flare Hunting,Winter 2024,LTP17,2024-12-04,07:00 - 11:00,EUI,07:00 - 10:59,3840,3 s,as planned,none,06:00 - 09:35,13,11710 s,started 59 min early; ran past planned window,R_FULL_LRES_LCAD_RS-Synoptics-High,,,,n/a - PHI does not run flare-hunting,,"EUI, SPICE",Catalogue,,2024-12-04 07:00,2024-12-04 10:59,2024-12-04 06:00,2024-12-04 09:35,,
MFT20241205a,Flare Hunting,Winter 2024,LTP17,2024-12-05,00:00 - 04:00,EUI,00:00 - 03:59,3840,3 s,as planned,none,,,,no data,,,,,n/a - PHI does not run flare-hunting,,EUI,Catalogue,,2024-12-05 00:00,2024-12-05 03:59,,,,
MFT20241205b,Flare Hunting,Winter 2024,LTP17,2024-12-05,23:00 - 03:00 (+1d),EUI,23:00 - 02:59 (+1d),3840,3 s,as planned,none,,,,no data,,,,,n/a - PHI does not run flare-hunting,,EUI,Catalogue,,2024-12-05 23:00,2024-12-06 02:59,,,,
MFT20241207a,Flare Hunting,Winter 2024,LTP17,2024-12-07,13:00 - 17:00,EUI,13:00 - 16:59,4901,2 s,as planned,none,,,,no data,,,,,n/a - PHI does not run flare-hunting,,EUI,Catalogue,,2024-12-07 13:00,2024-12-07 16:59,,,,
MFT20241208a,Flare Hunting,Winter 2024,LTP17,2024-12-08,10:00 - 14:00,EUI,10:00 - 13:59,5400,2 s,as planned,none,,,,no data,,,,,n/a - PHI does not run flare-hunting,,EUI,Catalogue,,2024-12-08 10:00,2024-12-08 13:59,,,,
MFT20241209a,Flare Hunting,Winter 2024,LTP17,2024-12-09,21:00 - 00:00 (+1d),EUI,21:00 - 23:59,2880,3 s,as planned,none,18:19 - 21:35,2,11713 s,started 161 min early,R_FULL_LRES_LCAD_RS-Synoptics-High,,,,n/a - PHI does not run flare-hunting,,"EUI, SPICE",Catalogue,,2024-12-09 21:00,2024-12-09 23:59,2024-12-09 18:19,2024-12-09 21:35,,
MFT20241210a,Flare Hunting,Winter 2024,LTP17,2024-12-10,00:00 - 01:00,EUI,00:00 - 00:59,960,3 s,as planned,none,,,,no data,,,,,n/a - PHI does not run flare-hunting,,EUI,Catalogue,,2024-12-10 00:00,2024-12-10 00:59,,,,
MFT20241211a,Flare Hunting,Winter 2024,LTP17,2024-12-11,01:00 - 05:00,EUI,01:00 - 04:59,5400,2 s,as planned,none,,,,no data,,,,,n/a - PHI does not run flare-hunting,,EUI,Catalogue,,2024-12-11 01:00,2024-12-11 04:59,,,,
MFT20241212a,Flare Hunting,Winter 2024,LTP17,2024-12-12,11:00 - 15:00,EUI,11:00 - 14:59,5400,2 s,as planned,none,,,,no data,,,,,n/a - PHI does not run flare-hunting,,EUI,Catalogue,,2024-12-12 11:00,2024-12-12 14:59,,,,
MFT20241214a,Flare Hunting,Winter 2024,LTP17,2024-12-14,00:00 - 04:00,EUI,00:00 - 03:59,5400,2 s,as planned,none,,,,no data,,,,,n/a - PHI does not run flare-hunting,,EUI,Catalogue,,2024-12-14 00:00,2024-12-14 03:59,,,,
MFT20241215a,Flare Hunting,Winter 2024,LTP17,2024-12-15,19:00 - 23:00,EUI,19:00 - 22:59,3840,3 s,as planned,none,18:00 - 22:12,34,106 s,started 59 min early; ended 47 min early; ran past planned window,R_FULL_LRES_LCAD_RS-Synoptics-High;none,,,,n/a - PHI does not run flare-hunting,,"EUI, SPICE",Catalogue,,2024-12-15 19:00,2024-12-15 22:59,2024-12-15 18:00,2024-12-15 22:12,,
MFW20250314A,Major Flare,Spring 2025,LTP19,2025-03-14,16:10 - 23:10,,16:10 - 23:09,7980,3 s,as planned,L_BOTH_HRES_HCAD_Major-Flare,16:10 - 23:07,37,564 s,as planned,L_BOTH_HRES_HCAD_Major-Flare,16:10 - 23:09,29,15 min,as planned,L_BOTH_HRES_HCAD_Major-Flare,"EUI, SPICE, PHI",Catalogue,,2025-03-14 16:10,2025-03-14 23:09,2025-03-14 16:10,2025-03-14 23:07,2025-03-14 16:10,2025-03-14 23:09
MFW20250315A,Major Flare,Spring 2025,LTP19,2025-03-15,12:00 - 16:00,,12:00 - 15:59,5400,2 s,as planned,L_BOTH_HRES_HCAD_Major-Flare,12:00 - 15:53,19,564 s,as planned,L_BOTH_HRES_HCAD_Major-Flare,12:00 - 16:01,9,30 min,as planned; ran past planned window,L_BOTH_HRES_HCAD_Major-Flare,"EUI, SPICE, PHI",Catalogue,,2025-03-15 12:00,2025-03-15 15:59,2025-03-15 12:00,2025-03-15 15:53,2025-03-15 12:00,2025-03-15 16:01
MFW20250330A,Major Flare,Spring 2025,LTP19,2025-03-30,11:00 - 15:30,,11:30 - 15:29,5400,2 s,started 30 min late,L_BOTH_HRES_HCAD_Major-Flare,11:00 - 15:24,22,564 s,as planned,L_BOTH_HRES_HCAD_Major-Flare,11:00 - 15:01,9,30 min,as planned,L_BOTH_HRES_HCAD_Major-Flare,"EUI, SPICE, PHI",Catalogue,,2025-03-30 11:30,2025-03-30 15:29,2025-03-30 11:00,2025-03-30 15:24,2025-03-30 11:00,2025-03-30 15:01
MFW20250402A,Major Flare,Spring 2025,LTP19,2025-04-02,05:00 - 09:30,,05:30 - 09:29,4508,2 s,started 30 min late,L_BOTH_HRES_HCAD_Major-Flare,05:00 - 09:24,22,564 s,as planned,L_BOTH_HRES_HCAD_Major-Flare,05:00 - 09:01,9,30 min,as planned,L_BOTH_HRES_HCAD_Major-Flare,"EUI, SPICE, PHI",Catalogue,,2025-04-02 05:30,2025-04-02 09:29,2025-04-02 05:00,2025-04-02 09:24,2025-04-02 05:00,2025-04-02 09:01
MFW20250913A,Major Flare,Autumn 2025,LTP21,2025-09-13,18:30 - 22:30,,18:30 - 22:29,5400,2 s,as planned,L_BOTH_HRES_HCAD_Major-Flare,18:30 - 22:27,21,564 s,as planned,L_BOTH_HRES_HCAD_Major-Flare;none,18:35 - 22:06,8,30 min,started 5 min late,L_BOTH_HRES_HCAD_Major-Flare,"EUI, SPICE, PHI",Catalogue,Subtle eruption beginning at 19:15. Seems to be obscured at 174A. Seen well in SDO 304A. Some response in SPICE Ly-gamma and O VI lines,2025-09-13 18:30,2025-09-13 22:29,2025-09-13 18:30,2025-09-13 22:27,2025-09-13 18:35,2025-09-13 22:06
MFW20250917A,Major Flare,Autumn 2025,LTP21,2025-09-17,06:50 - 10:50,,06:50 - 10:49,5400,2 s,as planned,L_BOTH_HRES_HCAD_Major-Flare,06:50 - 10:47,20,564 s,as planned,L_BOTH_HRES_HCAD_Major-Flare;none,06:50 - 10:21,8,30 min,as planned,L_BOTH_HRES_HCAD_Major-Flare,"EUI, SPICE, PHI",Catalogue,"Small jet-like eruption at 10:00 in EUI, SPICE observes an enhancement",2025-09-17 06:50,2025-09-17 10:49,2025-09-17 06:50,2025-09-17 10:47,2025-09-17 06:50,2025-09-17 10:21
MFW20250918A,Major Flare,Autumn 2025,LTP21,2025-09-18,06:55 - 10:55,,06:55 - 10:54,5400,2 s,started 5 min late; ran past planned window,L_BOTH_HRES_HCAD_Major-Flare,06:55 - 10:52,31,564 s,as planned,L_BOTH_HRES_HCAD_Major-Flare;none,06:54 - 10:21,8,30 min,as planned,L_BOTH_HRES_HCAD_Major-Flare,"EUI, SPICE, PHI",Catalogue,,2025-09-18 06:55,2025-09-18 10:54,2025-09-18 06:55,2025-09-18 10:52,2025-09-18 06:54,2025-09-18 10:21
MFW20251002A,Major Flare,Autumn 2025,LTP21,2025-10-02,20:30 - 02:00 (+1d),,20:30 - 23:59,3990,3 s,ended 60 min early,L_BOTH_HRES_HCAD_Major-Flare,20:30 - 00:57 (+1d),23,564 s,as planned,L_BOTH_HRES_HCAD_Major-Flare,20:30 - 01:31 (+1d),7,30 min,as planned,L_BOTH_HRES_HCAD_Major-Flare,"EUI, SPICE, PHI",Catalogue,"Pointing error, the requested target coordinates were not used",2025-10-02 20:30,2025-10-02 23:59,2025-10-02 20:30,2025-10-03 00:57,2025-10-02 20:30,2025-10-03 01:31
MFW20251003A,Major Flare,Autumn 2025,LTP21,2025-10-03,20:30 - 02:00 (+1d),,20:30 - 23:59,3990,3 s,ended 30 min early,L_BOTH_HRES_HCAD_Major-Flare,20:30 - 00:57 (+1d),23,564 s,as planned,L_BOTH_HRES_HCAD_Major-Flare,20:30 - 01:31 (+1d),10,30 min,as planned,L_BOTH_HRES_HCAD_Major-Flare,"EUI, SPICE, PHI",Catalogue,"Pointing error, the requested target coordinates were not used",2025-10-03 20:30,2025-10-03 23:59,2025-10-03 20:30,2025-10-04 00:57,2025-10-03 20:30,2025-10-04 01:31
MFW20251006A,Major Flare,Autumn 2025,LTP21,2025-10-06,18:00 - 01:00 (+1d),,18:00 - 00:29 (+1d),7410,3 s,ended 30 min early,L_BOTH_HRES_HCAD_Major-Flare,18:00 - 00:58 (+1d),38,564 s,as planned,L_BOTH_HRES_HCAD_Major-Flare,18:00 - 00:31 (+1d),14,30 min,as planned,L_BOTH_HRES_HCAD_Major-Flare,"EUI, SPICE, PHI",Catalogue,,2025-10-06 18:00,2025-10-07 00:29,2025-10-06 18:00,2025-10-07 00:58,2025-10-06 18:00,2025-10-07 00:31
MFT20251120a,Flare Hunting,Winter 2025,,2025-11-20,,,10:00 - 13:59,5175,2 s,observed,L_BOTH_HRES_HCAD_Flare-Hunting,,,,,,,,,n/a - PHI does not run flare-hunting,,EUI,SOAR,"Found in SOAR, not in the original catalogue",2025-11-20 10:00,2025-11-20 13:59,,,,
MFT20251121a,Flare Hunting,Winter 2025,,2025-11-21,,,10:00 - 13:59,5153,2 s,observed,L_BOTH_HRES_HCAD_Flare-Hunting,,,,,,,,,n/a - PHI does not run flare-hunting,,EUI,SOAR,"Found in SOAR, not in the original catalogue",2025-11-21 10:00,2025-11-21 13:59,,,,
MFT20251122a,Flare Hunting,Winter 2025,,2025-11-22,,,10:00 - 13:59,5150,2 s,observed,L_BOTH_HRES_HCAD_Flare-Hunting,,,,,,,,,n/a - PHI does not run flare-hunting,,EUI,SOAR,"Found in SOAR, not in the original catalogue",2025-11-22 10:00,2025-11-22 13:59,,,,
MFT20251123a,Flare Hunting,Winter 2025,,2025-11-23,,,10:00 - 13:59,5219,2 s,observed,L_BOTH_HRES_HCAD_Flare-Hunting,,,,,,,,,n/a - PHI does not run flare-hunting,,EUI,SOAR,"Found in SOAR, not in the original catalogue",2025-11-23 10:00,2025-11-23 13:59,,,,
MFT20251124a,Flare Hunting,Winter 2025,LTP21,2025-11-24,10:00 - 14:00,EUI,10:00 - 13:59,5277,2 s,as planned,L_BOTH_HRES_HCAD_Flare-Hunting,,,,no data,,,,,n/a - PHI does not run flare-hunting,,EUI,Catalogue,,2025-11-24 10:00,2025-11-24 13:59,,,,
MFT20251125a,Flare Hunting,Winter 2025,LTP21,2025-11-25,10:00 - 14:00,EUI,10:00 - 13:59,5128,2 s,as planned,L_BOTH_HRES_HCAD_Flare-Hunting,,,,no data,,,,,n/a - PHI does not run flare-hunting,,EUI,Catalogue,,2025-11-25 10:00,2025-11-25 13:59,,,,
MFT20251126a,Flare Hunting,Winter 2025,LTP21,2025-11-26,10:00 - 14:00,EUI,10:00 - 13:59,4978,2 s,as planned,L_BOTH_HRES_HCAD_Flare-Hunting,,,,no data,,,,,n/a - PHI does not run flare-hunting,,EUI,Catalogue,,2025-11-26 10:00,2025-11-26 13:59,,,,
MFT20251127a,Flare Hunting,Winter 2025,LTP21,2025-11-27,10:00 - 14:00,EUI,10:00 - 13:59,4900,2 s,as planned,L_BOTH_HRES_HCAD_Flare-Hunting;none,,,,no data,,,,,n/a - PHI does not run flare-hunting,,EUI,Catalogue,,2025-11-27 10:00,2025-11-27 13:59,,,,
MFT20251128a,Flare Hunting,Winter 2025,LTP21,2025-11-28,10:00 - 14:00,EUI,10:00 - 13:59,4985,2 s,as planned,L_BOTH_HRES_HCAD_Flare-Hunting;none,,,,no data,,,,,n/a - PHI does not run flare-hunting,,EUI,Catalogue,,2025-11-28 10:00,2025-11-28 13:59,,,,
MFT20251129b,Flare Hunting,Winter 2025,,2025-11-29,,,04:00 - 05:02,798,2 s,observed,none,,,,,,,,,n/a - PHI does not run flare-hunting,,EUI,SOAR,"Found in SOAR, not in the original catalogue",2025-11-29 04:00,2025-11-29 05:02,,,,
MFT20251129a,Flare Hunting,Winter 2025,LTP21,2025-11-29,10:00 - 14:00,EUI,10:00 - 13:59,4850,2 s,as planned,L_BOTH_HRES_HCAD_Flare-Hunting,,,,no data,,,,,n/a - PHI does not run flare-hunting,,EUI,Catalogue,,2025-11-29 10:00,2025-11-29 13:59,,,,
MFT20251130a,Flare Hunting,Winter 2025,,2025-11-30,,,00:17 - 01:04,552,2 s,observed,none,,,,,,,,,n/a - PHI does not run flare-hunting,,EUI,SOAR,"Found in SOAR, not in the original catalogue",2025-11-30 00:17,2025-11-30 01:04,,,,
MFT20251130b,Flare Hunting,Winter 2025,,2025-11-30,,,10:00 - 13:59,4999,2 s,observed,none,,,,,,,,,n/a - PHI does not run flare-hunting,,EUI,SOAR,"Found in SOAR, not in the original catalogue",2025-11-30 10:00,2025-11-30 13:59,,,,
MFT20251210a,Flare Hunting,Winter 2025,LTP21,2025-12-10,06:00 - 10:00,EUI,06:00 - 09:59,5397,2 s,as planned,L_BOTH_HRES_HCAD_Flare-Hunting;none,,,,no data,,,,,n/a - PHI does not run flare-hunting,,EUI,Catalogue,,2025-12-10 06:00,2025-12-10 09:59,,,,
MFT20251211a,Flare Hunting,Winter 2025,LTP21,2025-12-11,01:36 - 05:36,EUI,01:36 - 05:35,5400,2 s,as planned,L_BOTH_HRES_HCAD_Flare-Hunting,,,,no data,,,,,n/a - PHI does not run flare-hunting,,EUI,Catalogue,,2025-12-11 01:36,2025-12-11 05:35,,,,
MFT20251211b,Flare Hunting,Winter 2025,LTP21,2025-12-11,21:12 - 01:12 (+1d),EUI,21:12 - 01:11 (+1d),5400,2 s,as planned,L_BOTH_HRES_HCAD_Flare-Hunting,18:19 - 21:35,2,11712 s,started 173 min early,R_FULL_LRES_LCAD_RS-Synoptics-High,,,,n/a - PHI does not run flare-hunting,,"EUI, SPICE",Catalogue,,2025-12-11 21:12,2025-12-12 01:11,2025-12-11 18:19,2025-12-11 21:35,,
MFT20251212a,Flare Hunting,Winter 2025,LTP21,2025-12-12,16:48 - 20:48,EUI,16:48 - 20:47,5400,2 s,as planned,L_BOTH_HRES_HCAD_Flare-Hunting,18:00 - 21:35,3,1122 s,started 73 min late; ended 48 min late; ran past planned window,R_FULL_LRES_LCAD_RS-Synoptics-High,,,,n/a - PHI does not run flare-hunting,,"EUI, SPICE",Catalogue,,2025-12-12 16:48,2025-12-12 20:47,2025-12-12 18:00,2025-12-12 21:35,,
MFT20251213a,Flare Hunting,Winter 2025,LTP21,2025-12-13,12:24 - 16:24,EUI,12:24 - 16:23,5399,2 s,as planned,L_BOTH_HRES_HCAD_Flare-Hunting,,,,no data,,,,,n/a - PHI does not run flare-hunting,,EUI,Catalogue,,2025-12-13 12:24,2025-12-13 16:23,,,,
MFT20251214a,Flare Hunting,Winter 2025,LTP21,2025-12-14,08:00 - 12:00,EUI,08:00 - 11:59,5400,2 s,as planned,L_BOTH_HRES_HCAD_Flare-Hunting,06:19 - 09:35,2,11709 s,started 101 min early,R_FULL_LRES_LCAD_RS-Synoptics-High,,,,n/a - PHI does not run flare-hunting,,"EUI, SPICE",Catalogue,,2025-12-14 08:00,2025-12-14 11:59,2025-12-14 06:19,2025-12-14 09:35,,
MFT20260128a,Flare Hunting,Winter 2025,,2026-01-28,,,08:20 - 11:09,3816,2 s,observed,L_BOTH_HRES_HCAD_Flare-Hunting,,,,,,,,,n/a - PHI does not run flare-hunting,,EUI,SOAR,"Found in SOAR, not in the original catalogue",2026-01-28 08:20,2026-01-28 11:09,,,,
MFT20260129b,Flare Hunting,Winter 2025,,2026-01-29,,,04:00 - 06:49,3816,2 s,observed,L_BOTH_HRES_HCAD_Flare-Hunting,,,,,,,,,n/a - PHI does not run flare-hunting,,EUI,SOAR,"Found in SOAR, not in the original catalogue",2026-01-29 04:00,2026-01-29 06:49,,,,
MFT20260129a,Flare Hunting,Winter 2025,LTP22,2026-01-29,23:40 - 02:30 (+1d),EUI,23:40 - 02:29 (+1d),3815,2 s,as planned,none,22:50 - 23:54,1,,started 49 min early; ended 155 min early,none,,,,n/a - PHI does not run flare-hunting,,"EUI, SPICE",Catalogue,,2026-01-29 23:40,2026-01-30 02:29,2026-01-29 22:50,2026-01-29 23:54,,
MFT20260130a,Flare Hunting,Winter 2025,LTP22,2026-01-30,19:20 - 22:10,EUI,19:20 - 22:09,3815,2 s,as planned,L_BOTH_HRES_HCAD_Flare-Hunting;none,,,,no data,,,,,n/a - PHI does not run flare-hunting,,EUI,Catalogue,,2026-01-30 19:20,2026-01-30 22:09,,,,
MFT20260131a,Flare Hunting,Winter 2025,LTP22,2026-01-31,15:00 - 17:50,EUI,15:00 - 17:49,3816,2 s,as planned,L_BOTH_HRES_HCAD_Flare-Hunting,,,,no data,,,,,n/a - PHI does not run flare-hunting,,EUI,Catalogue,,2026-01-31 15:00,2026-01-31 17:49,,,,
MFT20260201a,Flare Hunting,Winter 2025,LTP22,2026-02-01,10:40 - 14:30,EUI,10:40 - 13:29,3816,2 s,ended 60 min early,L_BOTH_HRES_HCAD_Flare-Hunting,,,,no data,,,,,n/a - PHI does not run flare-hunting,,EUI,Catalogue,,2026-02-01 10:40,2026-02-01 13:29,,,,
MFT20260202a,Flare Hunting,Winter 2025,LTP22,2026-02-02,06:20 - 09:10,EUI,06:20 - 09:09,3816,2 s,as planned,L_BOTH_HRES_HCAD_Flare-Hunting,07:27 - 09:02,16,356 s,started 68 min late,L_BOTH_HRES_HCAD_Flare-Hunting,,,,n/a - PHI does not run flare-hunting,,"EUI, SPICE",Catalogue,,2026-02-02 06:20,2026-02-02 09:09,2026-02-02 07:27,2026-02-02 09:02,,
MFT20260202b,Flare Hunting,Winter 2025,,2026-02-02,,,10:36 - 11:37,730,2 s,observed,L_BOTH_HRES_HCAD_Flare-Hunting,,,,,,,,,n/a - PHI does not run flare-hunting,,EUI,SOAR,"Found in SOAR, not in the original catalogue",2026-02-02 10:36,2026-02-02 11:37,,,,
MFT20260203a,Flare Hunting,Winter 2025,LTP22,2026-02-03,02:00 - 04:50,EUI,02:00 - 06:32,4557,2 s,ended 103 min late; ran past planned window,L_BOTH_HRES_HCAD_Flare-Hunting,00:44 - 02:19,16,356 s,started 76 min early; ended 151 min early; ran past planned window,L_BOTH_HRES_HCAD_Flare-Hunting,,,,n/a - PHI does not run flare-hunting,,"EUI, SPICE",Catalogue,,2026-02-03 02:00,2026-02-03 06:32,2026-02-03 00:44,2026-02-03 02:19,,
MFT20260203b,Flare Hunting,Winter 2025,LTP22,2026-02-03,21:40 - 00:30 (+1d),EUI,21:40 - 01:41 (+1d),4531,2 s,ended 72 min late; ran past planned window,L_BOTH_HRES_HCAD_Flare-Hunting,22:50 - 23:54,1,,started 71 min late; ended 35 min early,none,,,,n/a - PHI does not run flare-hunting,,"EUI, SPICE",Catalogue,,2026-02-03 21:40,2026-02-04 01:41,2026-02-03 22:50,2026-02-03 23:54,,
MFT20260204a,Flare Hunting,Winter 2025,LTP22,2026-02-04,17:20 - 20:10,EUI,17:20 - 21:08,4324,2 s,ended 59 min late; ran past planned window,L_BOTH_HRES_HCAD_Flare-Hunting,,,,no data,,,,,n/a - PHI does not run flare-hunting,,EUI,Catalogue,,2026-02-04 17:20,2026-02-04 21:08,,,,
MFT20260205a,Flare Hunting,Winter 2025,LTP22,2026-02-05,13:00 - 15:50,EUI,13:00 - 17:07,4558,2 s,ended 77 min late; ran past planned window,L_BOTH_HRES_HCAD_Flare-Hunting,,,,no data,,,,,n/a - PHI does not run flare-hunting,,EUI,Catalogue,,2026-02-05 13:00,2026-02-05 17:07,,,,
MFT20260206a,Flare Hunting,Winter 2025,LTP22,2026-02-06,08:40 - 11:30,EUI,08:40 - 12:49,4557,2 s,ended 80 min late; ran past planned window,L_BOTH_HRES_HCAD_Flare-Hunting;none,10:16 - 11:50,16,356 s,started 96 min late; ended 21 min late; ran past planned window,L_BOTH_HRES_HCAD_Flare-Hunting,,,,n/a - PHI does not run flare-hunting,,"EUI, SPICE",Catalogue,,2026-02-06 08:40,2026-02-06 12:49,2026-02-06 10:16,2026-02-06 11:50,,
MFT20260207a,Flare Hunting,Winter 2025,LTP22,2026-02-07,04:20 - 07:10,EUI,04:20 - 07:09,3816,2 s,as planned,L_BOTH_HRES_HCAD_Flare-Hunting;none,,,,no data,,,,,n/a - PHI does not run flare-hunting,,EUI,Catalogue,,2026-02-07 04:20,2026-02-07 07:09,,,,
MFT20260208a,Flare Hunting,Winter 2025,LTP22,2026-02-08,00:39 - 02:50,EUI,00:00 - 02:49,3815,2 s,started 39 min early; ran past planned window,none,,,,no data,,,,,n/a - PHI does not run flare-hunting,,EUI,Catalogue,,2026-02-08 00:00,2026-02-08 02:49,,,,
MFT20260208b,Flare Hunting,Winter 2025,LTP22,2026-02-08,04:50 - 06:25,SPICE,,,,no data,,04:50 - 06:25,16,356 s,as planned,L_BOTH_HRES_HCAD_Flare-Hunting,,,,n/a - PHI does not run flare-hunting,,SPICE,Catalogue,,,,2026-02-08 04:50,2026-02-08 06:25,,
MFW20260212A,Major Flare,Winter 2026,LTP22,2026-02-12,17:00 - 21:25,,17:00 - 20:59,6720,2 s,ended 25 min early,L_BOTH_HRES_HCAD_Major-Flare,17:01 - 21:19,22,564 s,as planned,L_BOTH_HRES_HCAD_Major-Flare,,,,not yet in SOAR,,"EUI, SPICE",Catalogue,,2026-02-12 17:00,2026-02-12 20:59,2026-02-12 17:01,2026-02-12 21:19,,
MFW20260213A,Major Flare,Winter 2026,LTP22,2026-02-13,16:30 - 20:30,,16:30 - 20:29,6720,2 s,as planned,L_BOTH_HRES_HCAD_Major-Flare,16:31 - 20:29,20,564 s,as planned,L_BOTH_HRES_HCAD_Major-Flare,16:30 - 20:01,8,30 min,as planned,L_BOTH_HRES_HCAD_Major-Flare,"EUI, SPICE, PHI",Catalogue,,2026-02-13 16:30,2026-02-13 20:29,2026-02-13 16:31,2026-02-13 20:29,2026-02-13 16:30,2026-02-13 20:01
MFW20260228A,Major Flare,Winter 2026,LTP22,2026-02-28,20:05 - 00:25 (+1d),,20:05 - 00:04 (+1d),6720,2 s,ended 20 min early,L_BOTH_HRES_HCAD_Major-Flare,20:06 - 00:24 (+1d),22,564 s,as planned,L_BOTH_HRES_HCAD_Major-Flare,20:05 - 23:36,7,30 min,ended 49 min early,L_BOTH_HRES_HCAD_Major-Flare,"EUI, SPICE, PHI",Catalogue,,2026-02-28 20:05,2026-03-01 00:04,2026-02-28 20:06,2026-03-01 00:24,2026-02-28 20:05,2026-02-28 23:36
MFW20260818A,Major Flare,Summer 2026,LTP24,2026-08-18,12:05 - 16:05,,,,,no data,,,,,no data,,,,,not yet in SOAR,,,Catalogue,,,,,,,
MFT20260818A,Flare Hunting,Summer 2026,LTP24,2026-08-18,16:05 - 22:05,EUI,,,,no data,,,,,no data,,,,,n/a - PHI does not run flare-hunting,,,Catalogue,,,,,,,
MFW20260819A,Major Flare,Summer 2026,LTP24,2026-08-19,16:05 - 20:05,,,,,no data,,,,,no data,,,,,not yet in SOAR,,,Catalogue,,,,,,,
MFT20260819A,Flare Hunting,Summer 2026,LTP24,2026-08-19,20:05 - 00:05 (+1d),EUI,,,,no data,,,,,no data,,,,,n/a - PHI does not run flare-hunting,,,Catalogue,,,,,,,
MFW20260820A,Major Flare,Summer 2026,LTP24,2026-08-20,12:30 - 16:30,,,,,no data,,,,,no data,,,,,not yet in SOAR,,,Catalogue,,,,,,,
MFT20260820A,Flare Hunting,Summer 2026,LTP24,2026-08-20,16:30 - 19:55,EUI,,,,no data,,,,,no data,,,,,n/a - PHI does not run flare-hunting,,,Catalogue,,,,,,,
MFW20260918A,Major Flare,Summer 2026,LTP24,2026-09-18,19:30 - 23:30,,,,,no data,,,,,no data,,,,,not yet in SOAR,,,Catalogue,,,,,,,
